a,b,c,d,e
2021-09-01T23:49:19Z,z,0.391606681747362,0.7922550621442497,k
2021-09-02T18:19:31Z,a,0.3096359381452203,0.5677697127684951,g
2021-09-02T21:43:26Z,j,0.8542515775188804,0.2840443237219006,p
2021-09-02T08:18:05Z,w,0.6053869344759732,0.5758309711236507,q
2021-09-02T07:44:57Z,v,0.4387901579029858,0.3973505834583193,n
2021-09-02T02:26:13Z,g,0.39564402285031974,0.2851476497016847,d
2021-09-02T17:56:09Z,q,0.7794817702379078,0.4007605966180563,s
2021-09-02T10:20:53Z,b,0.5856913912575692,0.8450525961816311,m
2021-09-01T23:31:04Z,a,0.20584859792143106,0.3915538059081882,r
2021-09-02T02:50:59Z,h,0.5155648291110992,0.13928866968490183,g
2021-09-02T03:41:00Z,y,0.029176995623856783,0.7830595031846315,z
2021-09-02T07:38:27Z,j,0.7238806879613549,0.9105891159269959,a
2021-09-02T19:29:27Z,k,0.8852289754431695,0.26488096569664776,e
2021-09-02T09:42:40Z,m,0.14405813813209534,0.7224741098470986,z
2021-09-02T22:15:50Z,b,0.7773318788968027,0.13378683244809508,z
2021-09-02T07:07:46Z,v,0.8858049821574241,0.07492819637991488,z
2021-09-02T19:24:24Z,f,0.5082414667122066,0.041900215204805136,v
2021-09-02T16:19:24Z,h,0.9346000091172755,0.16971098980866373,z
2021-09-02T04:08:12Z,c,0.11291424976661801,0.40064618666656315,g
2021-09-02T09:32:15Z,y,0.9824819217901677,0.31353026791475713,b
2021-09-02T00:06:52Z,d,0.10800403915345669,0.6725247118156403,z
2021-09-02T11:13:18Z,y,0.4077220745384693,0.32134849135763943,i
2021-09-02T09:55:49Z,o,0.9347356129437685,0.37144261901266873,t
2021-09-02T11:09:54Z,n,0.9130523046478629,0.8122670711018145,x
2021-09-02T16:43:42Z,m,0.04195835557766259,0.05699425144121051,s
2021-09-02T00:47:43Z,q,0.23739844257943332,0.8515750523656607,i
2021-09-02T11:30:49Z,g,0.2837577008176595,0.9362336616031826,y
2021-09-02T11:18:53Z,n,0.2919910990167409,0.07428306923247874,j
2021-09-02T17:01:21Z,x,0.13673488004133105,0.8032631678506732,k
2021-09-02T22:38:19Z,w,0.0840689055621624,0.126526668202132,h
2021-09-02T01:40:35Z,x,0.9658307193312794,0.19931764900684357,u
2021-09-02T18:19:53Z,j,0.7028706648852676,0.7164995407219976,n
2021-09-01T23:57:56Z,t,0.7831766011659056,0.692160326289013,o
2021-09-02T02:33:29Z,p,0.09027329692617059,0.35766898142173886,z
2021-09-02T09:33:21Z,g,0.013984312769025564,0.29377991217188537,v
2021-09-02T15:44:47Z,j,0.8398434070404619,0.5345618897117674,g
2021-09-02T05:18:31Z,f,0.1430949098430574,0.7083363418933004,i
2021-09-01T23:55:36Z,g,0.4631165701430291,0.055594963720068336,c
2021-09-02T22:09:41Z,r,0.5652506179176271,0.3337188826408237,d
2021-09-02T13:08:51Z,b,0.896440488519147,0.4525776079390198,r
2021-09-02T06:49:11Z,t,0.5130900430958718,0.1820262602996081,j
2021-09-02T08:25:44Z,n,0.3210758229251951,0.1801036719698459,d
2021-09-02T19:40:53Z,y,0.7737918342463672,0.010684002423658967,a
2021-09-02T08:46:12Z,r,0.7608674126677215,0.2816914189606905,a
2021-09-02T13:39:01Z,f,0.16318236920051277,0.3350108009763062,s
2021-09-02T09:30:44Z,t,0.7812721778173,0.4728330606594682,d
2021-09-02T22:03:15Z,j,0.21376455551944673,0.19316892116330564,y
2021-09-02T18:31:49Z,f,0.1095251387450844,0.8233473037835211,e
2021-09-02T00:39:16Z,s,0.6425763270817697,0.04292853130027652,y
2021-09-02T04:32:46Z,d,0.8934486024081707,0.9577633773442358,d
2021-09-02T17:34:41Z,r,0.7409422032069415,0.4166230936534703,f
2021-09-02T22:33:04Z,l,0.0782814419362694,0.2960715021472424,p
2021-09-02T03:06:47Z,z,0.22668422292917967,0.4704438806511462,n
2021-09-02T06:15:46Z,q,0.8218076559714973,0.7018022732809186,k
2021-09-01T23:58:51Z,z,0.31925761164166033,0.27395050833001733,d
2021-09-02T05:56:46Z,k,0.614567254902795,0.24960227333940566,p
2021-09-02T00:19:15Z,b,0.6225067763589323,0.3974339282140136,b
2021-09-02T03:17:04Z,n,0.4863905990496278,0.4267434983048588,y
2021-09-02T14:29:12Z,i,0.9764893429819494,0.8044775349553674,n
2021-09-02T20:11:54Z,i,0.8019172246567905,0.2655553384684026,q
2021-09-02T16:35:47Z,v,0.803790092933923,0.46737008495256305,p
2021-09-02T03:10:22Z,b,0.5508427282329649,0.8327908935025334,o
2021-09-02T03:17:48Z,p,0.7953170244581997,0.1696497651282698,z
2021-09-02T20:20:35Z,j,0.5061273821629584,0.9241310632787645,o
2021-09-01T23:33:49Z,x,0.8028981152456254,0.617004094645381,d
2021-09-02T22:15:55Z,o,0.2272079235408455,0.15796222793869674,y
2021-09-02T07:00:10Z,o,0.029309707460924983,0.8719683992676437,r
2021-09-01T23:46:17Z,v,0.034800988622009754,0.13782548974268138,z
2021-09-02T00:48:14Z,f,0.6597212441265583,0.23269906849600375,l
2021-09-02T16:00:34Z,c,0.5695598511956632,0.12248878786340356,l
2021-09-02T09:18:31Z,r,0.8861253748182207,0.4691767010372132,r
2021-09-02T09:28:39Z,o,0.8210588039364666,0.4345294653903693,z
2021-09-02T20:10:33Z,o,0.784620075719431,0.5198938648682088,h
2021-09-02T21:55:31Z,g,0.12157252989709377,0.13886867510154843,t
2021-09-02T14:06:23Z,s,0.025519168935716152,0.4796864250674844,m
2021-09-02T16:24:18Z,f,0.05550814652815461,0.8630785157438368,a
2021-09-02T18:58:57Z,a,0.026059392374008894,0.40181699371896684,y
2021-09-02T15:48:20Z,t,0.3433502456173301,0.941217043902725,f
2021-09-02T17:12:34Z,h,0.8330074935220182,0.104028076864779,y
2021-09-01T23:05:08Z,b,0.4107541108969599,0.29013957153074443,i
2021-09-02T15:33:11Z,x,0.9221811289899051,0.0513737469445914,e
2021-09-02T15:56:14Z,g,0.8068755997810513,0.14336214889772236,x
2021-09-02T03:17:17Z,f,0.04015392507426441,0.8174148362595588,w
2021-09-02T07:38:30Z,c,0.8347925066482276,0.36499565397389233,b
2021-09-02T16:22:29Z,a,0.9689769844990224,0.6442241366021335,c
2021-09-02T15:17:02Z,u,0.5162620993796736,0.6722156414762139,x
2021-09-02T18:27:59Z,z,0.8452644227072597,0.6155227739363909,q
2021-09-02T03:28:41Z,u,0.5879806261509657,0.7841475496534258,s
2021-09-02T16:54:48Z,f,0.95831418922171,0.2660981584340334,y
2021-09-02T16:11:17Z,p,0.0834952755831182,0.2688080102670938,y
2021-09-02T10:16:46Z,t,0.9388060837518424,0.07673167763277888,u
2021-09-02T04:13:21Z,g,0.4666568790562451,0.8071549320593476,s
2021-09-02T04:22:16Z,v,0.6434078654274344,0.903773077763617,q
2021-09-02T07:39:18Z,t,0.5842431546188891,0.221146589377895,r
2021-09-02T07:40:11Z,l,0.4488406463060528,0.5941097892355174,q
2021-09-02T17:23:08Z,x,0.047171596670523286,0.34980223421007395,u
2021-09-02T04:16:45Z,y,0.6128362575545907,0.02209062734618783,a
2021-09-02T15:14:48Z,u,0.1112197982147336,0.4563566369470209,z
2021-09-02T13:46:55Z,l,0.4920018520206213,0.0040212152525782585,b
2021-09-02T01:32:42Z,w,0.23130337777547538,0.631906624417752,b
2021-09-02T21:56:04Z,o,0.7696704906411469,0.4321981491521001,j
2021-09-02T04:21:23Z,r,0.7886859129648656,0.14247391861863434,g
2021-09-02T10:50:30Z,r,0.38179286872036755,0.3803168071899563,i
2021-09-02T06:43:39Z,i,0.9616998508572578,0.8877017092891037,q
2021-09-02T10:57:42Z,l,0.18420430785045028,0.3710809852927923,v
2021-09-02T21:31:58Z,p,0.7882053866051137,0.3156875323038548,r
2021-09-02T12:19:00Z,t,0.21173311048187315,0.3301213413942605,w
2021-09-02T14:41:41Z,r,0.7010751497000456,0.9826923555228859,w
2021-09-02T20:52:30Z,c,0.689674959750846,0.5278838519006968,b
2021-09-02T02:48:27Z,i,0.07402090239338577,0.3210178294684738,p
2021-09-02T09:53:11Z,n,0.8111205357126892,0.9911159132607281,q
2021-09-02T02:01:52Z,c,0.9081181350629777,0.6756914779543877,r
2021-09-02T06:58:23Z,w,0.924506785813719,0.38807093631476164,z
2021-09-02T01:41:59Z,u,0.5762707977555692,0.08876611012965441,n
2021-09-02T11:38:38Z,g,0.40312808426097035,0.5608595747034997,d
2021-09-02T13:59:23Z,w,0.930481986142695,0.7538519212976098,s
2021-09-02T04:00:55Z,u,0.6068984912708402,0.3641477122437209,b
2021-09-02T22:45:08Z,d,0.8281499564182013,0.5438961691688746,h
2021-09-02T22:58:05Z,s,0.061997299548238516,0.5267575168982148,t
2021-09-02T13:13:33Z,z,0.13667467213235795,0.2374131155665964,e
2021-09-02T15:08:51Z,x,0.9478892122860998,0.12061889888718724,m
2021-09-02T22:15:59Z,m,0.9190969543997198,0.7132405748125166,q
2021-09-02T19:49:17Z,z,0.43845110828988254,0.8167038492392749,b
2021-09-02T03:50:36Z,z,0.1702356960158795,0.3667366453446448,c
2021-09-02T10:54:11Z,d,0.44804467516951263,0.7023175393696874,o
2021-09-02T03:57:57Z,h,0.025735360803082585,0.05796650517731905,i
2021-09-02T04:12:54Z,t,0.19725460279732943,0.79376594373025,l
2021-09-02T11:57:49Z,p,0.5152466807048768,0.47937468788586557,w
2021-09-02T17:01:23Z,f,0.29740601824596524,0.8408928881399333,c
2021-09-01T23:56:19Z,g,0.9550677032675594,0.8359375100117177,q
2021-09-02T05:31:02Z,k,0.002606174210086465,0.6011765564326197,z
2021-09-02T11:48:36Z,q,0.9420242009218782,0.7261829173658043,b
2021-09-01T23:20:01Z,w,0.6236507100984454,0.6665540440008044,a
2021-09-02T13:00:08Z,e,0.8770743920467794,0.2728591358754784,e
2021-09-02T00:13:56Z,b,0.467064336175099,0.12964616436511278,p
2021-09-02T15:57:30Z,v,0.2476397268474102,0.3359566431026906,z
2021-09-02T05:36:34Z,j,0.6609291264321655,0.9218593221157789,j
2021-09-02T01:39:55Z,u,0.47118212818168104,0.708139575785026,x
2021-09-02T16:49:27Z,q,0.21071685780771077,0.26338965096510947,i
2021-09-02T21:51:01Z,g,0.13731646281667054,0.35305950208567083,s
2021-09-02T08:03:39Z,h,0.08222946291789412,0.7312940103001893,w
2021-09-02T11:01:49Z,r,0.2770446508657187,0.4644795530475676,j
2021-09-02T04:57:41Z,o,0.9771231077611446,0.5544457866344601,v
2021-09-02T01:29:18Z,b,0.8870299817062914,0.06862859590910375,r
2021-09-02T18:27:44Z,z,0.9635034222155809,0.0989705806132406,s
2021-09-02T07:23:53Z,h,0.5159485235344619,0.21363662858493626,t
2021-09-02T07:15:12Z,n,0.1324576805345714,0.7591837935615331,s
2021-09-02T09:06:43Z,e,0.18926868960261345,0.36331340321339667,h
2021-09-02T03:52:46Z,q,0.7615361020434648,0.8722278238274157,m
2021-09-02T04:02:07Z,n,0.17127168737351894,0.4101082836277783,e
2021-09-02T02:29:09Z,l,0.07518289983272552,0.7291198174934834,l
2021-09-02T19:30:03Z,a,0.9840222599450499,0.3454568146262318,j
2021-09-02T07:51:30Z,j,0.6243833701591939,0.7209539008326828,o
2021-09-02T06:03:05Z,z,0.400263057788834,0.7018924849107862,f
2021-09-02T08:48:15Z,y,0.3371123499237001,0.20017936849035323,y
2021-09-02T05:23:11Z,e,0.063194973859936,0.418177064973861,o
2021-09-02T17:56:22Z,j,0.502965249819681,0.4064208616036922,m
2021-09-02T00:01:36Z,w,0.5897706730756909,0.7197643823456019,s
2021-09-02T05:23:48Z,n,0.17664445471018553,0.4604361604433507,u
2021-09-02T16:35:12Z,y,0.2178623282816261,0.8208152852021158,b
2021-09-02T11:03:44Z,u,0.2934974094387144,0.2546373950317502,g
2021-09-02T18:40:24Z,n,0.6815598697867244,0.20506076654419303,b
2021-09-02T09:52:38Z,y,0.6524959686212242,0.08441955619491637,j
2021-09-02T14:32:09Z,z,0.7734826656524092,0.31791728106327355,i
2021-09-02T01:11:22Z,o,0.33892139233648777,0.4430890455842018,l
2021-09-02T12:11:07Z,h,0.5669278840068728,0.31675651646219194,h
2021-09-02T03:36:38Z,o,0.7622862725984305,0.5847435062751174,o
2021-09-02T00:32:20Z,j,0.05277326703071594,0.24233299144543707,b
2021-09-02T15:46:00Z,c,0.6518076139036566,0.7595491537358612,x
2021-09-02T11:28:20Z,e,0.6233854491729289,0.4120435940567404,f
2021-09-02T00:16:22Z,p,0.40437002503313124,0.8447902351617813,q
2021-09-02T18:48:04Z,t,0.8959223360288888,0.4250096457544714,l
2021-09-02T18:33:45Z,w,0.18521724338643253,0.3941206547897309,f
2021-09-02T02:08:37Z,c,0.17759878770448267,0.9401771777775139,o
2021-09-02T01:15:34Z,q,0.11641868809238076,0.8884498942643404,u
2021-09-02T08:13:40Z,k,0.851533675333485,0.8038850601296872,l
2021-09-02T17:38:39Z,g,0.08361976174637675,0.4515592912212014,l
2021-09-02T13:23:34Z,k,0.19620219618082047,0.5802432785276324,x
2021-09-02T14:19:43Z,j,0.5432299843523651,0.9734619793016464,c
2021-09-02T05:03:13Z,g,0.8529946815688163,0.16571810049936175,z
2021-09-02T15:58:36Z,q,0.1164134843274951,0.9446245427243412,p
2021-09-02T07:46:24Z,w,0.921518458519131,0.49697054410353303,w
2021-09-02T12:18:01Z,o,0.4105584234930575,0.12373481318354607,g
2021-09-02T17:08:17Z,y,0.23848842084407806,0.6410728208720684,w
2021-09-02T07:40:50Z,p,0.08499866793863475,0.8468939599115402,b
2021-09-02T21:09:16Z,j,0.606912748189643,0.7591608678922057,b
2021-09-02T22:35:58Z,q,0.7047816473059356,0.8263448914512992,u
2021-09-02T13:12:18Z,e,0.6796827218495309,0.17959620291367173,o
2021-09-02T02:40:58Z,d,0.956455554580316,0.5155465165153146,v
2021-09-02T21:39:43Z,r,0.0018610586412250996,0.8889519285876304,l
2021-09-02T10:30:24Z,n,0.5583299009595066,0.5061144684441388,u
2021-09-02T09:15:07Z,o,0.0692662971559912,0.06450291513465345,w
2021-09-02T08:48:59Z,k,0.41929216124117374,0.08960142848081887,g
2021-09-02T01:53:56Z,r,0.4799288525246084,0.9419564153067768,f
2021-09-02T16:05:34Z,y,0.17830319283530116,0.41904790443368256,x
2021-09-02T00:18:31Z,g,0.28445990290492773,0.21310007735155523,s
2021-09-02T00:27:45Z,w,0.1440874612890184,0.5662079812027514,q
2021-09-02T05:51:39Z,k,0.4301011636853218,0.9900916761253029,g
2021-09-02T14:46:04Z,t,0.8694505135063082,0.9919896074570715,r
2021-09-02T22:44:03Z,z,0.6229750730562955,0.6619215584360063,r
2021-09-02T11:25:55Z,a,0.028233645018190145,0.6451311437413096,y
2021-09-02T20:07:21Z,f,0.11578222108073533,0.6513269210699946,o
2021-09-02T18:15:47Z,n,0.6619825777597725,0.039641263196244836,u
2021-09-02T14:55:44Z,r,0.8455293031875044,0.4209649655967951,a
2021-09-02T05:11:26Z,b,0.31772605632431805,0.45420299377292395,m
2021-09-02T11:44:09Z,x,0.00539427949115634,0.3808260387741029,y
2021-09-02T05:05:08Z,c,0.3111954547930509,0.541271465132013,r
2021-09-02T07:28:50Z,u,0.21064113965258002,0.1152494156267494,v
2021-09-02T00:55:07Z,e,0.7800553787965328,0.3911190468352288,y
2021-09-02T01:20:06Z,g,0.6814905242063105,0.5447035911493003,u
2021-09-02T03:38:14Z,u,0.8135582080576569,0.2140829626005143,o
2021-09-02T11:27:36Z,j,0.06286865728907287,0.49361139349639416,a
2021-09-02T21:24:55Z,a,0.935875603929162,0.11225455324165523,q
2021-09-02T00:47:25Z,n,0.26631072466261685,0.07089732773602009,v
2021-09-02T18:50:30Z,e,0.16890480113215744,0.8701978039462119,n
2021-09-02T16:24:32Z,y,0.35357700381428003,0.011672306805849075,p
2021-09-02T08:22:02Z,z,0.052886598045006394,0.6132586130406708,g
2021-09-02T08:43:27Z,d,0.1315469741821289,0.30434811022132635,x
2021-09-02T07:44:20Z,u,0.3294705734588206,0.8338300224859267,j
2021-09-02T02:00:41Z,f,0.7567802602425218,0.7094352578278631,a
2021-09-02T16:05:54Z,v,0.031938176369294524,0.4126328583806753,x
2021-09-02T10:30:59Z,k,0.9051715775858611,0.10946891480125487,h
2021-09-02T03:34:01Z,l,0.3728651884011924,0.22469655890017748,k
2021-09-02T20:09:42Z,d,0.35443690652027726,0.42975967563688755,a
2021-09-02T03:14:57Z,r,0.1982842623256147,0.6883613266982138,g
2021-09-02T01:38:19Z,u,0.8584173622075468,0.5423229264561087,c
2021-09-02T07:40:12Z,l,0.5919883460737765,0.17969381134025753,o
2021-09-02T05:35:52Z,o,0.6567057995125651,0.55719108809717,b
2021-09-02T06:02:43Z,m,0.8470095135271549,0.6268324360717088,a
2021-09-01T23:09:40Z,v,0.6765553127042949,0.1559481038711965,j
2021-09-02T14:23:01Z,n,0.35078546800650656,0.9898618578445166,j
2021-09-02T19:31:13Z,i,0.7102963163051754,0.5767517376225442,o
2021-09-02T10:01:29Z,n,0.8151458527427167,0.3612815907690674,u
2021-09-02T18:40:30Z,b,0.4029688350856304,0.7694529967848212,d
2021-09-02T16:24:05Z,l,0.16873981477692723,0.15499442210420966,w
2021-09-02T16:26:25Z,u,0.6692368297372013,0.9414075722452253,p
2021-09-02T19:22:10Z,t,0.3944297647103667,0.5427426004316658,t
2021-09-02T11:10:40Z,e,0.292144020088017,0.09273481136187911,h
2021-09-02T01:24:05Z,n,0.6123243309557438,0.3714554077014327,f
2021-09-02T21:22:25Z,g,0.22680632676929235,0.007387638790532947,e
2021-09-02T02:23:22Z,s,0.4204529148992151,0.36257578805088997,q
2021-09-02T08:56:20Z,r,0.5927815190516412,0.4814440510235727,y
2021-09-02T04:56:02Z,x,0.3024809130001813,0.17675897455774248,l
2021-09-02T03:17:07Z,g,0.7039273651316762,0.9205361374188215,l
2021-09-02T13:51:38Z,p,0.3983520385809243,0.14961593807674944,e
2021-09-02T18:27:45Z,t,0.7081083343364298,0.8290677967015654,v
2021-09-02T18:12:14Z,k,0.6523819989524782,0.5285258942749351,c
2021-09-02T19:42:36Z,x,0.7679905816912651,0.5542145760264248,m
2021-09-02T19:49:16Z,s,0.7336948760785162,0.6050507116597146,q
2021-09-02T13:57:04Z,u,0.026906016748398542,0.23870211839675903,q
2021-09-02T16:57:05Z,o,0.7766654375009239,0.24442116497084498,w
2021-09-02T18:40:54Z,b,0.2704364873934537,0.8523424500599504,h
2021-09-01T23:50:45Z,k,0.6131941031198949,0.3609407285694033,o
2021-09-02T15:23:45Z,q,0.6009978039655834,0.48669315897859633,v
2021-09-02T01:17:56Z,h,0.1780013176612556,0.9123307170812041,y
2021-09-02T08:55:41Z,x,0.18917712336406112,0.280096516944468,q
2021-09-01T23:09:30Z,j,0.3152687372639775,0.5234099884983152,w
2021-09-02T01:13:02Z,g,0.9698231227230281,0.8229109472595155,w
2021-09-02T18:00:22Z,x,0.6748950493056327,0.15378489228896797,c
2021-09-02T07:46:22Z,x,0.4797802213579416,0.9905727314762771,v
2021-09-02T09:39:05Z,s,0.8260939700994641,0.602140239207074,h
2021-09-02T13:58:19Z,a,0.6570344378706068,0.1489071014802903,j
2021-09-02T07:56:09Z,d,0.446150517789647,0.49263199022971094,y
2021-09-02T11:18:54Z,x,0.40851057041436434,0.31153684901073575,v
2021-09-02T03:56:21Z,v,0.8409157507121563,0.15474852407351136,k
2021-09-02T02:03:26Z,e,0.9497383947018534,0.5720325822476298,q
2021-09-02T02:55:47Z,y,0.0048576386179775,0.35894185001961887,q
2021-09-02T08:29:34Z,s,0.05765594821423292,0.24381942744366825,f
2021-09-02T03:48:29Z,t,0.7253193454816937,0.403949661180377,d
2021-09-02T03:34:49Z,e,0.09044753643684089,0.4219285920262337,s
2021-09-02T14:28:18Z,q,0.6262406511232257,0.0029702484607696533,t
2021-09-02T12:50:56Z,y,0.6638636346906424,0.5380343545693904,g
2021-09-02T14:44:17Z,i,0.6951407527085394,0.2598454002290964,p
2021-09-02T21:57:13Z,w,0.1370197026990354,0.8449000637046993,l
2021-09-02T16:18:41Z,i,0.3576219002716243,0.4753184709697962,t
2021-09-02T16:25:36Z,c,0.4622068549506366,0.024605284677818418,a
2021-09-02T11:58:54Z,x,0.4461948338430375,0.9816137845627964,d
2021-09-02T02:18:09Z,q,0.7145654708147049,0.9040825921110809,j
2021-09-02T13:02:27Z,p,0.4189849467948079,0.6939532032702118,t
2021-09-02T10:51:17Z,m,0.8114724103361368,0.28591653145849705,i
2021-09-02T13:23:43Z,f,0.40374476136639714,0.02400543843396008,h
2021-09-02T05:41:02Z,c,0.4252847267780453,0.4130521637853235,j
2021-09-02T13:02:41Z,z,0.24002716480754316,0.06158641027286649,d
2021-09-02T20:25:40Z,h,0.576506519690156,0.5368735608644783,q
2021-09-02T05:49:29Z,t,0.20402140612713993,0.9597343700006604,d
2021-09-02T13:58:07Z,q,0.9574755420908332,0.4883292957674712,t
2021-09-02T10:30:55Z,n,0.6824954443145543,0.06760668591596186,h
2021-09-02T19:10:28Z,c,0.46433943416923285,0.712066242005676,w
2021-09-01T23:16:20Z,m,0.9079483130481094,0.16487897327169776,v
2021-09-02T09:15:08Z,w,0.3945542466826737,0.5914886163081974,a
2021-09-02T08:45:54Z,s,0.911143593955785,0.013740705559030175,n
2021-09-02T21:38:55Z,t,0.15945862443186343,0.5447133821435273,o
2021-09-02T19:31:03Z,k,0.39447769918479025,0.11897905892692506,f
2021-09-02T04:17:51Z,q,0.026509710354730487,0.8357383725233376,v
2021-09-02T06:42:45Z,o,0.9000666334759444,0.9989809824619442,f
2021-09-02T00:48:46Z,o,0.5542376164812595,0.26005611498840153,u
2021-09-02T14:07:22Z,k,0.018926378805190325,0.3112627228256315,h
2021-09-02T04:38:25Z,j,0.043830246198922396,0.46341637591831386,m
2021-09-02T05:23:46Z,d,0.1464130743406713,0.35018004523590207,v
2021-09-02T00:07:43Z,l,0.9983681833837181,0.4607858939561993,w
2021-09-02T10:51:16Z,p,0.3294831004459411,0.8355000053998083,f
2021-09-02T05:57:11Z,b,0.541421890957281,0.4654330937191844,r
2021-09-02T18:31:19Z,t,0.48409260832704604,0.5005985277239233,c
2021-09-02T01:09:51Z,t,0.28097165073268116,0.570230575511232,u
2021-09-02T12:44:51Z,a,0.7347306776791811,0.36056105699390173,e
2021-09-02T15:41:21Z,b,0.5682217709254473,0.8805701551027596,u
2021-09-02T10:03:31Z,q,0.14643372548744082,0.3258627785835415,v
2021-09-02T00:32:53Z,k,0.9464541017077863,0.9699120493605733,c
2021-09-02T06:20:06Z,k,0.4985531459096819,0.14207702199928463,u
2021-09-02T20:46:04Z,l,0.12540918542072177,0.62987566739320755,b
2021-09-02T14:44:36Z,k,0.42734383209608495,0.9033202675636858,c
2021-09-02T21:47:13Z,v,0.49022102216258645,0.7457052480895072,j
2021-09-01T23:47:19Z,n,0.6134885940700769,0.06675550248473883,f
2021-09-02T19:38:47Z,n,0.4419143693521619,0.5583962791133672,j
2021-09-02T06:37:27Z,o,0.015702235512435436,0.31094277324154973,u
2021-09-02T06:21:07Z,c,0.34071954735554755,0.5752212246879935,h
2021-09-02T10:40:59Z,c,0.30154686118476093,0.7393647744320333,o
2021-09-02T09:59:43Z,a,0.12623452697880566,0.7845394778996706,e
2021-09-02T06:48:35Z,p,0.66371617978438735,0.7793901488184929,d
2021-09-02T15:30:27Z,j,0.5802675392478704,0.8540798551402986,f
2021-09-02T11:33:35Z,f,0.5033122915774584,0.2093874851707369,r
2021-09-02T05:40:21Z,o,0.43934732442721725,0.9940472703892738,e
2021-09-02T07:19:09Z,a,0.45531072234734893,7.627748418599367e-4,k
2021-09-02T00:54:38Z,n,0.8976775724440813,0.16320356377400458,h
2021-09-02T05:08:08Z,b,0.22531994129531085,0.5199890099465847,s
2021-09-02T10:23:40Z,e,0.2626340186689049,0.254601915134117,t
2021-09-02T00:56:26Z,z,0.23284072149544954,0.14646821515634656,f
2021-09-02T11:06:34Z,j,0.6770208186935633,0.7416421910747886,d
2021-09-02T13:00:38Z,t,0.379966942127794,0.3938387765083462,u
2021-09-02T00:55:37Z,a,0.5644691940397024,0.7145352468360215,t
2021-09-02T09:30:47Z,y,0.45356482546776533,0.5749912082683295,j
2021-09-02T08:01:25Z,p,0.4606269111391157,0.07630028203129768,n
2021-09-02T04:44:57Z,v,0.8639229831751436,0.8612880448345095,w
2021-09-02T19:02:35Z,z,0.21500150975771248,0.5412793210707605,z
2021-09-02T14:06:51Z,q,0.1482998502906412,0.872695567086339,c
2021-09-02T10:55:15Z,v,0.23848430323414505,0.6719363534357399,n
2021-09-02T08:51:39Z,i,0.49197863624431193,0.8195562514010817,r
2021-09-02T17:48:14Z,u,0.2925801142118871,0.1850332363974303,q
2021-09-02T19:34:46Z,o,0.5669543333351612,0.7873776054475456,a
2021-09-02T08:48:29Z,c,0.6272283014841378,0.8661503868643194,s
2021-09-02T06:11:07Z,u,0.9005444960203022,0.7679416581522673,t
2021-09-02T08:58:47Z,l,0.7938646276015788,0.37062431569211185,q
2021-09-02T19:42:13Z,l,0.10289327055215836,0.10864301910623908,s
2021-09-02T20:51:18Z,o,0.38328966055996716,0.5963624899741262,y
2021-09-02T13:30:42Z,i,0.7739023643080145,0.35791551345027983,f
2021-09-02T08:02:11Z,n,0.7915631874930114,0.9728889993857592,s
2021-09-02T08:44:49Z,k,0.1424839929677546,0.16228840313851833,m
2021-09-02T03:28:42Z,e,0.5808145655319095,0.8301099718082696,l
2021-09-02T12:28:57Z,c,0.06106770201586187,0.4655655527021736,n
2021-09-01T23:08:55Z,o,0.4314825686160475,0.8104066124651581,m
2021-09-02T20:26:41Z,o,0.5662828127387911,0.08744163764640689,a
2021-09-02T18:58:39Z,x,0.41874404065310955,0.5895775437820703,l
2021-09-02T22:39:44Z,j,0.36523492098785937,0.022362740011885762,z
2021-09-02T21:25:22Z,j,0.6146990712732077,0.8637464973144233,x
2021-09-02T17:26:14Z,g,0.7053431847598404,0.08242041897028685,s
2021-09-02T00:33:06Z,g,0.9821027722209692,0.6332575660198927,c
2021-09-02T08:26:51Z,r,0.5106860066298395,0.054963057627901435,f
2021-09-02T16:23:42Z,h,0.5449155496899039,0.9667498976923525,f
2021-09-02T14:30:59Z,e,0.030784757575020194,0.05231481580995023,c
2021-09-02T03:32:30Z,l,0.5660973980557173,0.5440959762781858,l
2021-09-02T10:10:02Z,d,0.9737910360563546,0.2839179269503802,x
2021-09-02T21:37:14Z,h,0.4824905637651682,0.8980090429540724,d
2021-09-02T17:51:11Z,m,0.7383625728543848,0.12041705194860697,g
2021-09-02T02:16:14Z,r,0.4741534646600485,0.7480123885907233,q
2021-09-02T20:37:50Z,j,0.22693628049455583,0.033146430272608995,y
2021-09-02T07:18:34Z,x,0.11879083327949047,0.19118385459296405,b
2021-09-02T06:23:43Z,h,0.4426534348167479,0.6205048370175064,k
2021-09-02T08:52:07Z,r,0.499285823199898,0.042183866957202554,i
2021-09-02T03:17:07Z,w,0.9134738282300532,0.10383882699534297,v
2021-09-02T16:47:48Z,z,0.044547859113663435,0.7718968060798943,d
2021-09-02T21:08:26Z,l,0.06282981834374368,0.5075299590826035,z
2021-09-02T05:22:04Z,n,0.4316891252528876,0.3860818659886718,i
2021-09-02T08:28:38Z,t,0.9339705766178668,0.4865518512669951,c
2021-09-01T23:35:23Z,t,0.4059613128192723,0.02297262172214687,c
2021-09-02T19:37:20Z,p,0.9674092144705355,0.7167716647963971,d
2021-09-02T19:35:39Z,t,0.9827070662286133,0.03949282690882683,i
2021-09-01T23:36:05Z,i,0.16249001398682594,0.7011604020372033,s
2021-09-02T03:24:57Z,k,0.6412889196071774,0.4302955479361117,o
2021-09-02T19:12:37Z,g,0.414150069700554,0.5344471752177924,l
2021-09-02T19:52:59Z,g,0.9848464783281088,0.9465795529540628,q
2021-09-02T22:07:51Z,j,0.9939568024128675,0.9387179585173726,y
2021-09-02T05:02:49Z,l,0.11739410134032369,0.02506411261856556,u
2021-09-02T15:32:15Z,i,0.2202312764711678,0.14282105234451592,j
2021-09-02T07:19:19Z,t,0.48749233479611576,0.13022285047918558,w
2021-09-02T16:49:37Z,z,0.15201252792030573,0.45288970740512013,b
2021-09-02T10:02:31Z,x,0.9154679218772799,0.41633029701188207,v
2021-09-02T11:20:02Z,x,0.11686393665149808,0.40370555804111063,y
2021-09-02T10:36:54Z,j,0.5558220958337188,0.5291269177105278,g
2021-09-02T16:02:36Z,l,0.7582622424233705,0.33881391980685294,n
2021-09-02T14:32:08Z,m,0.5671197907067835,0.8049050648696721,l
2021-09-02T17:50:45Z,m,0.658377559389919,0.7078225864097476,c
2021-09-02T13:26:06Z,z,0.1816552565433085,0.3077080496586859,j
2021-09-02T09:25:54Z,u,0.3944563663098961,0.890758739085868,o
2021-09-02T12:11:00Z,u,0.5600430374033749,0.9947174177505076,j
2021-09-02T22:34:10Z,z,0.9019910632632673,0.5794926297385246,o
2021-09-02T09:50:03Z,n,0.6345473951660097,0.7595331808552146,q
2021-09-02T18:35:09Z,t,0.5319630815647542,0.24711575801484287,d
2021-09-02T03:37:33Z,j,0.5471291958820075,0.740608056075871,m
2021-09-02T04:25:53Z,l,0.5299378701020032,0.7559297676198184,i
2021-09-02T12:23:26Z,b,0.005720419809222221,0.572722329525277,o
2021-09-02T10:24:30Z,v,0.02065199287608266,0.005211323034018278,u
2021-09-02T22:20:36Z,a,0.9527134727686644,0.35651651164516807,q
2021-09-02T14:41:39Z,k,0.0926861276384443,0.05309277353808284,r
2021-09-02T09:14:42Z,y,0.5313671925105155,0.1688289474695921,o
2021-09-02T08:38:42Z,q,0.12332562846131623,0.7301764199510217,n
2021-09-02T10:28:20Z,z,0.8152985128108412,0.8409132554661483,s
2021-09-02T05:59:11Z,f,0.9548837929032743,0.9886511815711856,g
2021-09-02T17:38:27Z,w,0.04079698072746396,0.42003601021133363,i
2021-09-02T10:31:58Z,i,0.7018914418295026,0.35891708242706954,l
2021-09-02T04:31:24Z,d,0.1649245189037174,0.5448535417672247,u
2021-09-02T00:51:36Z,y,0.3450616451445967,0.2719545760191977,d
2021-09-02T07:04:06Z,h,0.5790252673905343,0.45748287346214056,u
2021-09-02T05:04:52Z,n,0.08423989289440215,0.3826432260684669,h
2021-09-02T13:00:52Z,e,0.07549412362277508,0.7507217866368592,u
2021-09-02T10:58:16Z,x,0.8478566925041378,0.8816899990197271,v
2021-09-02T14:17:22Z,k,0.6823285997379571,0.6831563503947109,v
2021-09-02T04:56:31Z,l,0.45953450980596244,0.48296244628727436,m
2021-09-02T11:42:57Z,r,0.12201300146989524,0.028960490133613348,k
2021-09-02T14:11:27Z,d,0.5433237515389919,0.62949905707500875,w
2021-09-02T00:28:17Z,b,0.22997418860904872,0.6683513754978776,c
2021-09-02T11:24:28Z,h,0.39364589587785304,0.9008858627639711,w
2021-09-02T00:29:05Z,e,0.31735260877758265,0.8452133028768003,e
2021-09-02T20:37:26Z,q,0.19680544827133417,0.08221936924383044,w
2021-09-02T06:51:57Z,s,0.7113382280804217,0.17248602584004402,x
2021-09-02T02:02:34Z,a,0.9698458516504616,0.9258018741384149,p
2021-09-02T08:26:39Z,m,0.5542433550581336,0.3967483590822667,l
2021-09-02T20:30:43Z,e,0.6662977642845362,0.8207166779320687,m
2021-09-02T07:08:26Z,e,0.9833284339401871,0.5057952979113907,p
2021-09-02T15:16:58Z,c,0.7959846905432642,0.9149256055243313,v
2021-09-02T05:29:13Z,h,0.27286300249397755,0.5097156576812267,l
2021-09-02T06:47:29Z,w,0.6009315310511738,0.47370623680762947,t
2021-09-02T04:15:00Z,h,0.6874351873993874,0.9720645248889923,s
2021-09-02T19:32:42Z,o,0.18628561217337847,0.8233056622557342,a
2021-09-02T19:14:14Z,w,0.36296028178185225,0.3288336666300893,o
2021-09-02T22:05:13Z,v,0.5708069710526615,0.19284220575354993,f
2021-09-02T15:36:51Z,x,0.1444072264712304,0.06134033761918545,x
2021-09-02T08:46:27Z,b,0.8755053973291069,0.1291668452322483,b
2021-09-02T01:59:09Z,r,0.8905578425619751,0.3364156929310411,q
2021-09-02T06:13:41Z,k,0.38055092841386795,0.7784083962906152,l
2021-09-02T18:56:33Z,w,0.32324441033415496,0.49112150887958705,l
2021-09-02T08:12:44Z,h,0.6297821823973209,0.013314749114215374,d
2021-09-02T07:38:12Z,e,0.9025889488402754,0.23597128386609256,v
2021-09-02T21:40:31Z,v,0.32740592141635716,0.4476802858989686,g
2021-09-02T13:40:54Z,z,0.7212745696306229,0.6089943326078355,c
2021-09-02T18:02:15Z,w,0.5630436949431896,0.7364719081670046,r
2021-09-02T11:10:47Z,l,0.4628989447373897,0.5985801424831152,o
2021-09-02T09:55:59Z,h,0.1465255725197494,0.7098405712749809,h
2021-09-02T01:00:29Z,e,0.5647678142413497,0.8770378567278385,p
2021-09-02T10:42:58Z,t,0.5388042519334704,0.5140117178671062,g
2021-09-02T17:08:13Z,k,0.14467993727885187,0.10821552970446646,n
2021-09-02T09:06:37Z,g,0.31641665985807776,0.8359755331184715,l
2021-09-02T03:37:29Z,f,0.25730975717306137,0.6922931952867657,e
2021-09-02T07:55:30Z,k,0.057939313584938645,0.46959195495583117,u
2021-09-02T20:18:09Z,s,0.2634554300457239,0.7566662197932601,e
2021-09-02T06:21:37Z,q,0.43361336505040526,0.4059484344907105,w
2021-09-02T09:06:12Z,f,0.025113991694524884,0.45627420023083687,t
2021-09-02T00:51:06Z,f,0.5427141902036965,0.6594826248474419,v
2021-09-02T07:48:18Z,w,0.25063587445765734,0.35572085552848876,s
2021-09-02T04:24:35Z,n,0.32035389030352235,0.06516198976896703,c
2021-09-02T17:32:13Z,b,0.8981916666962206,0.5427384956274182,v
2021-09-02T02:46:45Z,s,0.5750205335207283,0.23673162306658924,n
2021-09-02T22:39:25Z,v,0.08171677449718118,0.335582124767825,g
2021-09-02T01:46:49Z,p,0.41476610233075917,0.4317393333185464,b
2021-09-02T04:12:49Z,z,0.1668950691819191,0.9977281137835234,t
2021-09-02T05:17:49Z,y,0.23579188552685082,0.7908251255284995,g
2021-09-02T11:33:14Z,v,0.7645976282656193,0.9459968290757388,c
2021-09-02T06:02:27Z,b,0.49401969835162163,0.5118731698021293,z
2021-09-02T14:03:21Z,f,0.3028281854931265,0.7563262195326388,n
2021-09-02T16:29:04Z,q,0.5716703969519585,0.6425655137281865,l
2021-09-02T08:55:10Z,f,0.2649647353682667,0.6958971931599081,q
2021-09-02T09:16:12Z,l,0.28359832987189293,0.5223006701562554,u
2021-09-02T20:13:38Z,y,0.35904205474071205,0.45856669219210744,u
2021-09-02T07:26:58Z,o,0.6271437867544591,0.4810797779355198,s
2021-09-02T12:51:22Z,m,0.03502119891345501,0.9732710036914796,p
2021-09-02T22:56:10Z,k,0.22163843922317028,0.46416648593731225,l
2021-09-02T22:14:40Z,x,0.0797270683106035,0.8265529822092503,o
2021-09-02T12:22:58Z,j,0.35328402486629784,0.5527291854377836,d
2021-09-02T20:50:31Z,m,0.7605517816264182,0.3077048019040376,b
2021-09-02T07:43:55Z,s,0.7936569647863507,0.8283669783268124,z
2021-09-02T19:12:24Z,l,0.7044750028289855,0.8686320299748331,c
2021-09-02T07:12:18Z,s,0.707568611484021,0.7463635918684304,m
2021-09-02T14:30:07Z,o,0.5087041857186705,0.6793938151095062,e
2021-09-02T15:53:04Z,e,0.3195011287461966,0.5599592882208526,s
2021-09-02T02:02:56Z,w,0.2092152782715857,0.00989901926368475,r
2021-09-02T18:30:50Z,f,0.6168245910666883,0.1228811948094517,l
2021-09-02T13:09:56Z,b,0.8350972393527627,0.5377069092355669,u
2021-09-02T06:41:22Z,s,0.49910709355026484,0.15803048573434353,e
2021-09-02T00:54:15Z,m,0.5569443095009774,0.8271657030563802,z
2021-09-01T23:36:31Z,f,0.7376830137800425,0.0949727229308337,b
2021-09-02T07:34:17Z,s,0.7279783103149384,0.07156418776139617,o
2021-09-02T01:25:15Z,z,0.3313913375604898,0.4848402754869312,w
2021-09-02T13:57:46Z,l,0.8426877753809094,0.8163899930659682,a
2021-09-02T03:19:23Z,z,0.037229166366159916,0.07354257069528103,t
2021-09-02T19:59:28Z,t,0.123841481981799,0.3482054255437106,p
2021-09-02T18:17:53Z,m,0.7037996652070433,0.0992097076959908,t
2021-09-02T11:38:18Z,e,0.07806137087754905,0.3130890498869121,n
2021-09-02T03:58:15Z,m,0.26631677406840026,0.4880160007160157,e
2021-09-02T19:15:10Z,e,0.0035895665641874075,0.8586998868267983,v
2021-09-02T02:16:58Z,k,0.3048113426193595,0.9978887371253222,l
2021-09-02T12:40:29Z,u,0.38947053579613566,0.928886687150225,m
2021-09-02T14:25:04Z,q,0.0552614436019212,0.9585182175505906,k
2021-09-02T04:12:06Z,a,0.5929529143031687,0.8362786024808884,l
2021-09-02T04:45:33Z,q,0.25313251838088036,0.06749350344762206,t
2021-09-02T04:40:39Z,j,0.12332745990715921,0.9723352014552802,u
2021-09-02T15:03:19Z,x,0.8222646045032889,0.47347464761696756,r
2021-09-02T20:42:49Z,n,0.0831573389004916,0.16240286990068853,o
2021-09-02T10:07:58Z,l,0.9346647509373724,0.29758732998743653,r
2021-09-02T15:15:30Z,y,0.5351663588080555,0.45245270477607846,v
2021-09-02T11:26:10Z,l,0.7748995646834373,0.6371353324502707,d
2021-09-02T07:58:59Z,i,0.7729449737817049,0.4230978360865265,y
2021-09-02T01:41:09Z,f,0.39205607678741217,0.04418872785754502,g
2021-09-02T05:17:02Z,e,0.3711739405989647,0.9693740014918149,u
2021-09-02T05:44:48Z,c,0.21328268432989717,0.9135507585015148,r
2021-09-02T10:07:19Z,r,0.934580783592537,0.18793536070734262,v
2021-09-02T20:27:12Z,z,0.8640196018386632,0.03282012068666518,b
2021-09-02T03:59:51Z,r,0.006957611767575145,0.13128773006610572,i
2021-09-02T12:20:51Z,q,0.5966381549369544,0.9779787906445563,w
2021-09-02T05:59:15Z,z,0.7465272261761129,0.7955767763778567,d
2021-09-02T12:47:31Z,d,0.3486251134891063,0.46320573170669377,m
2021-09-01T23:30:34Z,z,0.01445187465287745,0.3186118467710912,o
2021-09-02T13:06:37Z,k,0.2244482261594385,0.07228400697931647,h
2021-09-02T18:40:17Z,g,0.7823784342035651,0.16372455027885735,r
2021-09-02T08:52:55Z,t,0.2953561746980995,0.2876032078638673,i
2021-09-02T01:02:40Z,a,0.2631813876796514,0.05394778586924076,b
2021-09-02T01:07:57Z,j,0.04754883353598416,0.10611465433612466,f
2021-09-02T02:20:20Z,z,0.18310370040126145,0.6074075936339796,c
2021-09-02T14:27:58Z,i,0.8150467940140516,0.8341165818274021,u
2021-09-02T22:23:13Z,y,0.6837984251324087,0.4587996869813651,f
2021-09-02T11:33:51Z,b,0.4916736641898751,0.7136008241213858,i
2021-09-02T02:49:58Z,x,0.5265871584415436,0.21497948234900832,o
2021-09-02T21:05:52Z,v,0.14597050449810922,0.6530176403466612,q
2021-09-02T19:40:47Z,l,0.8776237489655614,0.14864963828586042,c
2021-09-02T11:57:58Z,w,0.5782797690480947,0.19300230196677148,y
2021-09-02T07:47:33Z,d,0.7672398511786014,0.6757631290238351,h
2021-09-02T08:58:05Z,s,0.2554551367647946,0.9668077456299216,j
2021-09-02T07:59:07Z,s,0.4993316640611738,0.14364656899124384,e
2021-09-02T08:27:17Z,s,0.8565230208914727,0.27134813577868044,y
2021-09-02T18:34:10Z,f,0.32123698899522424,0.9313346885610372,p
2021-09-02T16:12:07Z,d,0.5308142062276602,0.7093023217748851,g
2021-09-02T10:27:14Z,g,0.039105989038944244,0.14020018675364554,y
2021-09-02T06:50:01Z,r,0.8255843163933605,0.5193842954467982,w
2021-09-02T06:36:34Z,a,0.5225685876794159,0.8413817780092359,l
2021-09-02T06:50:28Z,d,0.5481850816868246,0.531416435027495,r
2021-09-02T11:07:41Z,x,0.548068494303152,0.8318654799368232,y
2021-09-02T21:29:06Z,m,0.33633384271524847,0.7223745877854526,s
2021-09-02T20:28:04Z,f,0.0593119824770838,0.17622115113772452,g
2021-09-02T19:31:27Z,g,0.2492942272219807,0.15622034133411944,q
2021-09-02T17:00:34Z,s,0.771352005423978,0.06312911142595112,p
2021-09-02T13:51:19Z,w,0.003027188591659069,0.30386634613387287,c
2021-09-02T01:03:56Z,s,0.5204865706618875,0.3472684631124139,q
2021-09-02T05:44:07Z,q,0.35823615454137325,0.5760464705526829,w
2021-09-02T07:35:21Z,p,0.057328458642587066,0.24665736709721386,v
2021-09-02T10:10:31Z,j,0.13066827761940658,0.025373513344675303,u
2021-09-02T15:17:18Z,y,0.8102100498508662,0.4951817081309855,s
2021-09-02T15:49:43Z,o,0.988316100789234,0.5197166251018643,h
2021-09-02T03:22:47Z,o,0.7205022722482681,0.07668420602567494,c
2021-09-02T07:48:03Z,s,0.7363167894072831,0.25350063224323094,v
2021-09-02T07:16:44Z,n,0.9640468854922801,0.3585033188574016,i
2021-09-02T18:03:12Z,o,0.5190162281505764,0.19191547972150147,y
2021-09-02T04:47:26Z,v,0.8269321809057146,0.8927424694411457,a
2021-09-02T16:15:25Z,b,0.6732425556983799,0.8986733295023441,b
2021-09-02T08:27:41Z,m,0.906681428430602,0.7312605099286884,j
2021-09-02T02:57:31Z,u,0.7225430216640234,0.9149918584153056,g
2021-09-02T02:24:16Z,b,0.31021426408551633,0.22470636735670269,j
2021-09-02T04:15:49Z,g,0.1870302928145975,0.699555313680321,w
2021-09-02T15:58:19Z,t,0.6158578477334231,0.8190694039221853,x
2021-09-01T23:15:25Z,n,0.9127166538964957,0.6611782463733107,a
2021-09-02T09:25:27Z,b,0.5182736462447792,0.1796678442042321,n
2021-09-02T22:24:24Z,b,0.3556475816294551,0.07166345813311636,o
2021-09-02T13:12:14Z,a,0.5266299827490002,0.4861392064485699,q
2021-09-02T11:01:33Z,v,0.6196751871611923,0.6162922119256109,c
2021-09-02T08:01:50Z,n,0.18012712593190372,0.15402621938847005,z
2021-09-02T00:05:15Z,e,0.2470764636527747,0.7264949886593968,i
2021-09-02T10:20:08Z,a,0.3284081765450537,0.6450252735521644,p
2021-09-02T15:50:42Z,f,0.32403275556862354,0.7091733694542199,x
2021-09-02T22:37:20Z,a,0.9446332023944706,0.14735935698263347,t
2021-09-02T21:20:55Z,r,0.8865067653823644,1.0796193964779377e-4,x
2021-09-02T10:48:21Z,z,0.9772905355785042,0.8234436346683651,b
2021-09-02T11:03:15Z,x,0.8752012643963099,0.16890967404469848,c
2021-09-02T04:29:05Z,u,0.9566119455266744,0.42822646372951567,r
2021-09-02T18:39:41Z,c,0.02185490052215755,0.29165979637764394,l
2021-09-02T20:12:23Z,z,0.2967312044929713,0.8207469175104052,r
2021-09-02T22:13:37Z,l,0.3098799891304225,0.9990695309825242,a
2021-09-02T12:32:58Z,a,0.8610971248708665,0.4043826749548316,f
2021-09-02T03:34:56Z,l,0.9619071048218757,0.6154117453843355,y
2021-09-02T04:46:36Z,n,0.4431721393484622,0.8346100565977395,d
2021-09-02T01:57:51Z,u,0.5687165285926312,0.38687422475777566,k
2021-09-02T01:19:39Z,f,0.9695326243527234,0.821537614800036,m
2021-09-01T23:36:03Z,h,0.6358198043890297,0.5333152981474996,y
2021-09-01T23:41:57Z,g,0.6569237913936377,0.5794472554698586,b
2021-09-02T16:17:35Z,c,0.41214569960720837,0.80901621398516,t
2021-09-02T06:14:33Z,v,0.2693990508560091,0.24022245802916586,d
2021-09-02T02:55:52Z,w,0.6867411267012358,0.6788572792429477,x
2021-09-02T00:20:27Z,g,0.9510108740068972,0.32747776503674686,i
2021-09-02T08:20:34Z,g,0.20043502817861736,0.07973427278921008,p
2021-09-02T08:46:17Z,p,0.7285123616456985,0.08529057330451906,h
2021-09-02T04:15:30Z,y,0.7544826501980424,0.53834239835850894,g
2021-09-02T19:55:59Z,d,0.8128089348319918,0.881049474934116,i
2021-09-02T15:36:26Z,w,0.9043310508131981,0.8543751551769674,j
2021-09-02T19:37:51Z,o,0.9172094364184886,0.5420019677840173,z
2021-09-02T21:34:22Z,x,0.9637727080844343,0.6421180458273739,u
2021-09-02T06:38:33Z,r,0.7099620753433555,0.274571263929829,f
2021-09-02T21:47:36Z,m,0.29971103835850954,0.7946285775396973,f
2021-09-02T05:59:41Z,a,0.2393465880304575,0.7455568108707666,n
2021-09-02T10:54:17Z,s,0.19757214025594294,0.025670310715213418,x
2021-09-02T15:00:39Z,e,0.6388903299812227,0.5652819324750453,g
2021-09-02T17:00:25Z,n,0.2015665858052671,0.2605981919914484,j
2021-09-02T16:28:37Z,p,0.5662965448573232,0.49463103525340557,e
2021-09-02T21:27:27Z,b,0.24301861342974007,0.7981651108711958,c
2021-09-02T05:09:28Z,f,0.6217983306851238,0.5345843255054206,m
2021-09-02T04:03:48Z,s,0.7891465879511088,0.10330954752862453,e
2021-09-02T05:20:03Z,e,0.6559052865486592,0.1463593093212694,c
2021-09-02T14:42:03Z,d,0.5445666923187673,0.3420275216922164,f
2021-09-02T16:07:47Z,k,0.7494869395159185,0.3143628886900842,r
2021-09-02T16:55:26Z,o,0.30847486830316484,0.011989243561401963,h
2021-09-02T09:00:57Z,r,0.01888004573993385,0.988790872739628,d
2021-09-01T23:17:45Z,p,0.2808509550523013,0.17348692822270095,h
2021-09-02T02:39:45Z,y,0.6284347434993833,0.7277246373705566,s
2021-09-02T21:03:39Z,f,0.1033369367942214,0.10848082322627306,n
2021-09-02T06:19:03Z,z,0.5726229203864932,0.49267485132440925,m
2021-09-02T14:10:48Z,h,0.12887009256519377,0.17119216197170317,w
2021-09-02T02:56:40Z,r,0.9035908777732402,0.2643808228895068,d
2021-09-02T18:25:50Z,i,0.998424144461751,0.06299347127787769,s
2021-09-02T11:44:17Z,o,0.15418499195948243,0.15935624507255852,w
2021-09-02T17:04:03Z,d,0.21700647426769137,0.3337197480723262,i
2021-09-02T16:27:52Z,v,0.8506540837697685,0.29281276487745345,j
2021-09-02T14:44:51Z,j,0.10284692235291004,0.749233708018437,z
2021-09-02T14:47:59Z,h,0.5004643676802516,0.8800254499074072,r
2021-09-02T07:10:30Z,f,0.025046866154298186,0.02540990407578647,s
2021-09-02T07:07:08Z,k,0.7668321803212166,0.3718492875341326,r
2021-09-02T01:52:46Z,r,0.50350788864307106,0.942039820831269,x
2021-09-02T09:00:17Z,r,0.9467023841571063,0.8454137763474137,h
2021-09-02T18:02:26Z,u,0.7207261906005442,0.5036342144012451,d
2021-09-02T13:17:11Z,n,0.6888094190508127,0.4611897391732782,g
2021-09-02T09:47:14Z,o,0.38823616155423224,0.2552530725952238,j
2021-09-02T02:43:41Z,v,0.9784744787029922,0.6304773045703769,z
2021-09-02T12:11:03Z,x,0.7783862808719277,0.4639483350329101,h
2021-09-02T18:10:44Z,x,0.7194807757623494,0.7214808398857713,o
2021-09-02T13:00:47Z,e,0.6359019624069333,0.8233534027822316,f
2021-09-02T08:29:01Z,k,0.07630282896570861,0.04702467191964388,f
2021-09-02T05:43:07Z,w,0.3912163882050663,0.42678985372185707,x
2021-09-02T09:55:34Z,h,0.10640532663092017,0.38021693425253034,e
2021-09-02T05:33:56Z,t,0.9403787730261683,0.7117919235024601,l
2021-09-02T07:38:57Z,m,0.3041276400908828,0.05481504136696458,d
2021-09-02T14:16:31Z,x,0.9396315503399819,0.41117138671688735,p
2021-09-02T21:50:03Z,f,0.6206626913044602,0.7780698093120009,o
2021-09-02T00:37:09Z,f,0.4114560130983591,0.5983574881684035,m
2021-09-02T10:08:40Z,c,0.9328773824963719,9.407056495547295e-4,u
2021-09-02T10:35:18Z,a,0.06714853248558939,0.681206562789157,o
2021-09-02T19:59:37Z,t,0.4792967408429831,0.892248903401196,u
2021-09-02T08:10:42Z,y,0.5747702170629054,0.41799367940984666,t
2021-09-02T02:25:52Z,b,0.4005489523988217,0.6868727565743029,b
2021-09-02T22:48:46Z,n,0.41062060999684036,0.2772550215013325,c
2021-09-02T18:25:30Z,l,0.41409994731657207,0.12550711375661194,t
2021-09-02T13:01:47Z,s,0.42126372922211885,0.30826933518983424,p
2021-09-02T01:58:35Z,c,0.4831564009655267,0.9852220732718706,k
2021-09-02T01:18:18Z,b,0.8158996957354248,0.023281231755390763,u
2021-09-02T22:40:41Z,a,0.3997007387224585,0.4167046104557812,d
2021-09-01T23:20:32Z,h,0.7992178762797266,0.6669105379842222,z
2021-09-02T09:47:07Z,d,0.28365887328982353,0.4908318337984383,n
2021-09-02T20:28:55Z,f,0.06667768908664584,0.1707419934682548,h
2021-09-02T09:37:10Z,e,0.18759491224773228,0.14419032563455403,f
2021-09-02T06:47:17Z,n,0.8210645613726228,0.006758037256076932,g
2021-09-02T03:44:50Z,p,0.2328929789364338,0.9114790193270892,a
2021-09-02T00:18:33Z,j,0.5704739401116967,0.11125918990001082,c
2021-09-02T00:20:40Z,a,0.13962088711559772,0.6240737796761096,q
2021-09-02T13:26:39Z,b,0.31345984782092273,0.5252822779584676,s
2021-09-02T04:43:48Z,a,0.9791241469793022,0.817893780535087,t
2021-09-02T00:49:19Z,q,0.17008125130087137,0.9983170682098716,o
2021-09-02T02:02:25Z,w,0.31710646743886173,0.6285517779178917,p
2021-09-02T04:22:16Z,r,0.8670936902053654,0.18333169119432569,m
2021-09-02T15:31:59Z,k,0.0998301503714174,0.7881716850679368,o
2021-09-02T08:35:13Z,p,0.435811213683337,0.4691509127151221,z
2021-09-02T02:47:00Z,y,0.5871646755840629,0.5492600095458329,y
2021-09-02T20:38:45Z,s,0.9975880654528737,0.18329435354098678,x
2021-09-02T14:09:22Z,i,0.5955488758627325,0.7306483818683773,q
2021-09-02T05:48:15Z,c,0.05978903663344681,0.8049262687563896,i
2021-09-02T08:49:43Z,l,0.8929664813913405,0.378465045010671,d
2021-09-02T00:17:38Z,f,0.1028611590154469,0.4483154327608645,c
2021-09-02T00:39:19Z,d,0.7961861232761294,0.9415943021886051,o
2021-09-02T14:41:31Z,f,0.6355800223536789,0.6181877783965319,c
2021-09-02T15:49:40Z,a,0.10589246428571641,0.6574853595811874,d
2021-09-02T02:46:45Z,j,0.9836176284588873,0.3400028171017766,u
2021-09-02T20:09:03Z,h,0.8177754073403776,0.4511456345207989,q
2021-09-02T17:21:48Z,a,0.3004563197027892,0.8418906014412642,l
2021-09-01T23:48:35Z,t,0.789049276849255,0.6534820185042918,q
2021-09-02T19:33:37Z,i,0.41513216285966337,0.2902448771055788,k
2021-09-02T08:35:37Z,d,0.24731211736798286,0.49791311542503536,w
2021-09-02T13:55:11Z,x,0.25400252267718315,0.906622649403289,r
2021-09-02T15:01:06Z,t,0.4247816978022456,0.6079918732866645,i
2021-09-02T14:35:51Z,f,0.014107923489063978,0.8451626745518297,l
2021-09-02T14:08:33Z,f,0.06843590154312551,0.432439147727564,t
2021-09-02T19:30:32Z,z,0.7650906224735081,0.34024077095091343,f
2021-09-02T02:15:36Z,r,0.6221542684361339,0.2541367025114596,b
2021-09-02T10:58:50Z,n,0.22260178858414292,0.21680505061522126,q
2021-09-02T11:09:09Z,g,0.4424535541329533,0.35403528111055493,d
2021-09-02T00:18:45Z,a,0.7735829818993807,0.6084330787416548,m
2021-09-02T03:18:28Z,f,0.29329352197237313,0.43625130224972963,e
2021-09-02T22:36:05Z,w,0.5164242214523256,0.26279429951682687,l
2021-09-02T16:50:54Z,w,0.4836291403044015,0.72825592290610075,d
2021-09-02T01:49:40Z,o,0.2230047811754048,0.6817308955360204,u
2021-09-02T02:49:45Z,l,0.7545032135676593,0.36966085038147867,b
2021-09-02T19:26:07Z,d,0.18150941375643015,0.23998574889265,j
2021-09-02T10:55:10Z,m,0.7269123049918562,0.9886562775354832,m
2021-09-02T04:11:34Z,x,0.7247238336130977,0.17867663176730275,v
2021-09-02T07:08:26Z,b,0.42124272393994033,0.7251953072845936,b
2021-09-02T17:47:29Z,u,0.14440019754692912,0.2572158742696047,r
2021-09-02T15:38:53Z,g,0.3907729072961956,0.8253562038298696,r
2021-09-02T05:47:31Z,k,0.6542793188709766,0.3960866134148091,b
2021-09-02T05:36:00Z,t,0.909604643471539,0.31455270340666175,a
2021-09-02T17:30:37Z,k,0.10348768229596317,0.5781953281257302,n
2021-09-02T16:59:36Z,p,0.4279130878858268,0.6688864466268569,w
2021-09-02T13:11:07Z,u,0.7062288103625178,0.39610191131941974,k
2021-09-02T05:36:35Z,j,0.9144477865193039,0.288536291802302,g
2021-09-02T13:17:07Z,x,0.886590923415497,0.3192217170726508,v
2021-09-02T09:44:55Z,s,0.9477909272536635,0.734944078605622,p
2021-09-02T13:11:52Z,k,0.7707265710923821,0.9601503552403301,j
2021-09-01T23:28:09Z,a,0.9065798141527921,0.45307477470487356,d
2021-09-02T02:31:53Z,v,0.3424269750248641,0.5370169884990901,n
2021-09-02T03:55:44Z,f,0.8547991455998272,0.8163828239776194,l
2021-09-02T03:03:12Z,z,0.4327411244157702,0.7502133892849088,b
2021-09-02T19:02:46Z,v,0.7868464149069041,0.7146447356790304,o
2021-09-02T16:12:00Z,e,0.7113101447466761,0.9044755981303751,y
2021-09-02T13:32:54Z,k,0.29952290724031627,0.9417423983104527,u
2021-09-02T01:19:01Z,a,0.6248290764633566,0.4768165254499763,g
2021-09-02T14:47:00Z,i,0.826520970556885,0.4160296118352562,w
2021-09-02T19:41:39Z,f,0.24486999912187457,0.41412235144525766,r
2021-09-02T04:34:18Z,y,0.06064916285686195,0.2123136727605015,z
2021-09-02T03:31:02Z,r,0.4639466793742031,0.7099110065028071,w
2021-09-02T08:55:17Z,e,0.37848276924341917,0.5868070623837411,s
2021-09-02T03:54:30Z,g,0.6815178629476577,0.86933205393143,d
2021-09-02T20:00:37Z,n,0.5214541617315263,0.025816119508817792,m
2021-09-02T08:44:56Z,c,0.9431230535265058,0.21574880625121295,i
2021-09-02T15:33:49Z,p,0.055790507001802325,0.722431632457301,l
2021-09-02T01:19:50Z,u,0.49115943629294634,0.6342150156851858,j
2021-09-02T17:22:25Z,b,0.48288557142950594,0.3722635118756443,b
2021-09-02T07:12:36Z,n,0.7143551360350102,0.6912703448906541,c
2021-09-02T02:57:01Z,s,0.5919925491325557,0.8979885021690279,o
2021-09-02T05:07:54Z,t,0.26432169368490577,0.4402655924204737,p
2021-09-02T13:10:30Z,n,0.6598029951564968,0.35843879892490804,f
2021-09-02T11:17:11Z,r,0.44928071764297783,0.7802061091642827,s
2021-09-02T12:11:19Z,u,0.4628538559190929,0.7967775999568403,m
2021-09-02T18:11:09Z,g,0.09975082613527775,0.06886722380295396,c
2021-09-02T21:30:15Z,f,0.9294454124756157,0.6343467573169619,i
2021-09-02T04:28:18Z,a,0.06992688798345625,0.4324697644915432,j
2021-09-02T04:42:12Z,i,0.4317537706810981,0.7610526154749095,t
2021-09-02T14:46:41Z,u,0.18411454046145082,0.13094336027279496,c
2021-09-02T14:58:41Z,q,0.59676793217659,0.9209563452750444,g
2021-09-02T21:55:42Z,m,0.2916047757025808,0.7700649963226169,u
2021-09-02T06:10:27Z,t,0.14589744131080806,0.10794876958243549,q
2021-09-02T06:55:51Z,k,0.1794981095008552,0.11725409771315753,z
2021-09-02T18:19:53Z,x,0.774789891205728,0.948747988557443,r
2021-09-02T13:02:51Z,g,0.37289834837429225,0.8011374420020729,l
2021-09-02T10:38:17Z,c,0.5589240211993456,0.12457190779969096,a
2021-09-02T19:42:15Z,r,0.6055296326521784,0.5321687925606966,n
2021-09-02T11:38:57Z,f,0.9186253738589585,0.6944818180054426,m
2021-09-02T12:58:35Z,u,0.3077603194396943,0.4883216980379075,o
2021-09-02T20:43:00Z,k,0.9415659236256033,0.6799275865778327,y
2021-09-02T00:03:03Z,j,0.6489766617305577,0.03316200478002429,f
2021-09-02T04:25:10Z,u,0.1357807437889278,0.7791578795295209,k
2021-09-02T17:50:12Z,h,0.5710404713172466,0.8449976718984544,i
2021-09-02T00:07:32Z,i,0.8893600292503834,0.24374750186689198,p
2021-09-02T17:21:19Z,c,0.7609062767587602,0.7723319451324642,v
2021-09-02T14:02:53Z,w,0.03864206583239138,0.9891865376848727,a
2021-09-02T01:15:49Z,s,0.5616053512785584,0.5160205124411732,c
2021-09-02T07:42:29Z,c,0.02718051546253264,0.10277802287600935,f
2021-09-02T06:58:44Z,f,0.5264836545102298,0.45857083052396774,j
2021-09-02T05:35:17Z,n,0.25358087266795337,0.5102754745166749,a
2021-09-02T06:04:38Z,u,0.8912277091294527,0.8636857389938086,u
2021-09-02T16:45:47Z,z,0.3128544942010194,0.7401739789638668,i
2021-09-02T15:18:52Z,o,0.1718524529132992,0.7340404558926821,m
2021-09-02T10:47:30Z,t,0.9567925920709968,0.8058948654215783,x
2021-09-02T19:59:30Z,n,0.44628691929392517,0.9659423364792019,t
2021-09-02T07:09:55Z,i,0.8500587225425988,0.7082205573096871,g
2021-09-02T07:10:12Z,t,0.6283755828626454,0.6886483237612993,h
2021-09-02T11:01:50Z,s,0.020984339527785778,0.9290691872593015,r
2021-09-02T04:25:38Z,u,0.6559349612798542,0.8729785655159503,k
2021-09-02T22:06:02Z,x,0.899043777724728,0.6465528761036694,e
2021-09-02T02:19:40Z,c,0.05533296591602266,0.01007192418910563,h
2021-09-02T04:29:15Z,r,0.7792002952191979,0.5665818427223712,p
2021-09-02T12:13:10Z,t,0.11238670605234802,0.7834308240562677,j
2021-09-02T14:08:52Z,l,0.24370915140025318,0.16716202395036817,m
2021-09-02T05:26:50Z,h,0.8019538272637874,0.41960611403919756,h
2021-09-02T20:16:53Z,b,0.6451314443256706,0.6141719995066524,k
2021-09-01T23:38:54Z,t,0.3807468500453979,0.27334892470389605,m
2021-09-02T07:03:49Z,a,0.5093359926249832,0.9551734772976488,z
2021-09-02T01:36:14Z,s,0.5880015913862735,0.4414320613723248,k
2021-09-02T05:14:23Z,w,0.19228492537513375,0.4719801440369338,a
2021-09-02T19:19:07Z,v,0.6435061632655561,0.059641958912834525,n
2021-09-02T22:06:43Z,d,0.5918220621533692,0.0656809841748327,b
2021-09-01T23:53:39Z,w,0.2118083282839507,0.9469148833304644,j
2021-09-02T20:15:01Z,o,0.8898064712993801,0.7026540923397988,e
2021-09-02T09:55:54Z,x,0.8564528841525316,0.2556687551550567,x
2021-09-02T15:47:53Z,g,0.6326033172663301,0.1559022539295256,r
2021-09-02T18:54:47Z,s,0.6542294304817915,0.894475590903312,p
2021-09-02T17:30:28Z,q,0.4634309473913163,0.7280309754423797,n
2021-09-02T00:56:37Z,m,0.951116735348478,0.6544705836568028,z
2021-09-02T16:32:09Z,j,0.49951220536604524,0.5602221298031509,x
2021-09-02T02:03:08Z,s,0.8726484107319266,0.48281860700808465,x
2021-09-02T12:02:11Z,p,0.9232929029967636,0.2577294709626585,z
2021-09-02T18:39:29Z,c,0.5971463504247367,0.7957971561700106,p
2021-09-02T02:30:44Z,f,0.8492480609565973,0.10756765701808035,v
2021-09-02T01:57:15Z,r,0.9928662907332182,0.4942029225639999,k
2021-09-02T05:56:34Z,q,0.26687477389350533,0.05917517840862274,d
2021-09-02T00:36:01Z,z,0.9856890956871212,0.7831264077685773,j
2021-09-02T22:59:03Z,a,0.8793538440950215,0.3131234922911972,f
2021-09-02T12:09:43Z,o,0.5029222897719592,0.11115092178806663,c
2021-09-02T22:51:02Z,g,0.9614355110097677,0.3540924652479589,w
2021-09-02T14:24:04Z,t,0.7637610039673746,0.5680245554540306,n
2021-09-02T18:38:44Z,x,0.08357418817467988,0.2649468763265759,s
2021-09-02T14:29:13Z,i,0.43983316817320883,0.7773436140269041,b
2021-09-02T08:41:21Z,m,0.6886487000156194,0.3679110531229526,z
2021-09-02T21:34:26Z,f,0.9333180573303252,0.04882690263912082,n
2021-09-02T11:24:48Z,n,0.3483911647927016,0.6602319455705583,h
2021-09-02T19:55:27Z,o,0.17386329174041748,0.844776373822242,i
2021-09-02T22:38:25Z,f,0.5525630211923271,0.8104093440342695,y
2021-09-02T04:14:22Z,y,0.6595717193558812,0.5665029962547123,n
2021-09-02T18:59:56Z,t,0.13714433647692204,0.36379454866982996,v
2021-09-02T07:09:50Z,b,0.015688041457906365,0.13963843742385507,a
2021-09-02T20:06:41Z,p,0.4017564698588103,0.05958967003971338,m
2021-09-02T11:38:28Z,c,0.039405083283782005,0.5679636327549815,n
2021-09-02T06:41:10Z,c,0.07096366584300995,0.8670679312199354,y
2021-09-02T14:18:21Z,h,0.43054645135998726,0.48110493924468756,i
2021-09-02T03:40:05Z,r,0.840528963599354,0.27904927521012723,z
2021-09-02T08:32:49Z,h,0.492173939011991,0.6803052774630487,d
2021-09-02T03:49:58Z,k,0.7460174283478409,0.8422928750514984,r
2021-09-02T16:13:44Z,w,0.10737550957128406,0.1231901126448065,i
2021-09-02T08:44:57Z,v,0.6919404987711459,0.5772935065906495,h
2021-09-01T23:46:25Z,t,0.6997371604666114,0.17148841731250286,g
2021-09-02T18:23:42Z,r,0.7329352817032486,0.301598364720121,a
2021-09-02T10:31:25Z,e,0.1278779562562704,0.31036207638680935,q
2021-09-02T19:12:27Z,w,0.8864599061198533,0.6304298017639667,h
2021-09-02T02:43:04Z,o,0.40399604896083474,0.6093299107160419,x
2021-09-02T00:17:06Z,j,0.08597951498813927,0.558411278994754,c
2021-09-02T03:00:36Z,u,0.7144728426355869,0.07168887369334698,b
2021-09-02T02:43:19Z,a,0.12496510543860495,0.798895888729021,j
2021-09-02T11:27:41Z,o,0.9255211420822889,0.5032658635172993,b
2021-09-02T08:05:15Z,c,0.6383171146735549,0.8557088591624051,c
2021-09-02T03:01:03Z,i,0.11385939340107143,0.650034818565473,w
2021-09-02T08:01:55Z,g,0.24380091158673167,0.36645291768945754,o
2021-09-02T13:34:30Z,m,0.6418887563049793,0.8858634517528117,f
2021-09-02T16:17:54Z,a,0.23621513694524765,0.19154002936556935,v
2021-09-02T00:01:16Z,o,0.9449280861299485,0.41174689726904035,t
2021-09-02T18:35:21Z,a,0.6944580362178385,0.6738777533173561,j
2021-09-02T22:19:38Z,w,0.4202474814374,0.8180064405314624,o
2021-09-02T09:13:23Z,v,0.900792236905545,0.4125885220710188,a
2021-09-02T02:25:19Z,a,0.6030225318390876,0.3348698136396706,s
2021-09-02T19:20:14Z,r,0.071954663610085845,0.19098278833553195,n
2021-09-02T17:13:07Z,j,0.7858979990705848,0.8473436140920967,h
2021-09-02T14:00:57Z,u,0.7100738757289946,0.42174657387658954,a
2021-09-02T20:26:32Z,e,0.2091351361013949,0.5477802217938006,c
2021-09-02T14:13:59Z,v,0.9606333049014211,0.02580419951118529,c
2021-09-02T19:29:33Z,u,0.5511252493597567,0.8443127598147839,c
2021-09-02T21:53:54Z,j,0.6241906951181591,0.19769910722970963,d
2021-09-02T21:06:16Z,i,0.8944996041245759,0.5389652631711215,v
2021-09-02T19:19:19Z,z,0.22338619409129024,0.5911534959450364,m
2021-09-02T16:18:26Z,g,0.7094313299749047,0.30950929690152407,b
2021-09-02T02:54:58Z,y,0.9697005252819508,0.045959827257320285,s
2021-09-02T03:49:37Z,r,0.2202700178604573,0.4012152422219515,v
2021-09-02T11:39:01Z,b,0.46964831184595823,0.005297083640471101,t
2021-09-02T10:26:14Z,b,0.6462457370944321,0.09896588581614196,n
2021-09-02T04:10:14Z,c,0.28403002698905766,0.07410264806821942,g
2021-09-02T16:03:38Z,v,0.019537979504093528,0.9564652587287128,n
2021-09-01T23:16:51Z,f,0.5636044209823012,0.03923294832929969,r
2021-09-02T08:08:07Z,y,0.35622032708488405,0.87925592251122,f
2021-09-02T10:39:18Z,o,0.83430365473032,0.9166826845612377,w
2021-09-02T20:22:31Z,a,0.04157943930476904,0.04911132366396487,w
2021-09-02T08:55:31Z,o,0.6964203650131822,0.4560403588693589,w
2021-09-02T03:44:32Z,w,0.26152940304018557,0.02356169791892171,x
2021-09-02T20:21:50Z,p,0.5948056578636169,0.34053890127688646,a
2021-09-02T11:46:02Z,o,0.2731963833793998,0.19155919086188078,o
2021-09-02T13:37:45Z,h,0.35375021141953766,0.8476114822551608,z
2021-09-02T08:38:36Z,i,0.4355350260157138,0.1829628248233348,b
2021-09-02T11:17:22Z,i,0.34708998864516616,0.5006304900161922,y
2021-09-02T13:26:17Z,k,0.883291179779917,0.1233871248550713,n
2021-09-02T04:27:13Z,l,0.5583897058386356,0.8723965522367507,r
2021-09-02T15:03:20Z,j,0.2598430498037487,0.6859263689257205,v
2021-09-02T06:43:26Z,k,0.8519764780066907,0.9105934968683869,v
2021-09-02T01:28:02Z,r,0.10385064641013741,0.4319316647015512,p
2021-09-02T06:25:19Z,a,0.6698099221102893,0.035501739010214806,c
2021-09-01T23:10:15Z,i,0.8475252070929855,0.9276871618349105,e
2021-09-02T03:37:54Z,i,0.6332965616602451,0.10341081442311406,q
2021-09-02T05:01:10Z,f,0.6749502243474126,0.4691922457423061,j
2021-09-02T13:42:17Z,f,0.23258533515036106,0.13291879673488438,l
2021-09-02T22:00:03Z,d,0.7059834324754775,0.9629358979873359,o
2021-09-02T13:33:28Z,c,0.7830766292754561,0.5020449042785913,t
2021-09-02T16:50:50Z,m,0.7138950822409242,0.7970475032925606,c
2021-09-01T23:10:04Z,d,0.3343076496385038,0.42362068430520594,g
2021-09-02T14:27:03Z,r,0.35234307777136564,0.9133737918455154,k
2021-09-02T15:01:57Z,p,0.48846758995205164,0.7740309475921094,o
2021-09-02T02:54:14Z,b,0.4335807708557695,0.4255661438219249,f
2021-09-02T13:18:17Z,q,0.6294346491340548,0.8947808342054486,m
2021-09-02T04:57:04Z,o,0.9287384073249996,0.8398332325741649,x
2021-09-02T11:31:23Z,p,0.864171716850251,0.9417776437476277,t
2021-09-02T16:24:09Z,e,0.911165657453239,0.019182860851287842,z
2021-09-02T02:16:52Z,q,0.21942144352942705,0.9430984717328101,x
2021-09-02T12:22:21Z,p,0.5426578805781901,0.12868814799003303,x
2021-09-02T05:09:08Z,l,0.3404552508145571,0.08511340850964189,z
2021-09-02T08:19:40Z,c,0.46390194818377495,0.3247568728402257,x
2021-09-02T05:54:35Z,k,0.3008602689951658,0.28916894691064954,q
2021-09-02T01:25:53Z,u,0.603401429951191,0.6028272192925215,y
2021-09-02T07:52:27Z,q,0.9023202229291201,0.5434698825702071,h
2021-09-02T14:48:17Z,w,0.7666824848856777,0.42838057945482433,r
2021-09-02T13:42:00Z,k,0.3671761197037995,0.9889877350069582,a
2021-09-02T22:28:17Z,n,0.9669526070356369,0.1445561160799116,b
2021-09-02T17:51:50Z,j,0.91998007777147,0.517373803537339,a
2021-09-02T17:47:24Z,i,0.47492643049918115,0.6618764919694513,o
2021-09-02T08:49:03Z,c,0.04496503062546253,0.5884922756813467,d
2021-09-02T12:29:30Z,x,0.24989802250638604,0.4493281452450901,t
2021-09-02T16:42:25Z,y,0.2788641827646643,0.8003025245852768,o
2021-09-02T08:30:13Z,y,0.7159948977641761,0.9858343191444874,e
2021-09-02T03:11:32Z,d,0.6659554988145828,0.669084703316912,j
2021-09-02T06:53:17Z,x,0.9302026687655598,0.07959018601104617,i
2021-09-02T21:06:04Z,q,0.1296342455316335,0.5377047697547823,z
2021-09-02T20:03:57Z,a,0.8265624258201569,0.4107545353472233,b
2021-09-02T08:14:28Z,n,0.4183558449149132,0.28856032248586416,t
2021-09-02T11:33:34Z,x,0.5290717477910221,0.7585894742514938,l
2021-09-02T19:14:42Z,b,0.5007876085583121,0.08341807778924704,o
2021-09-01T23:42:02Z,b,0.6358193049672991,0.16179882502183318,q
2021-09-02T18:41:04Z,v,0.8829991810489446,0.0893820442724973,i
2021-09-01T23:22:49Z,h,0.18665731162764132,0.2758226383011788,b
2021-09-02T14:45:09Z,i,0.2596462327055633,0.9903258213307709,u
2021-09-01T23:59:34Z,n,0.1739423309918493,0.831335692666471,z
2021-09-02T16:48:30Z,h,0.23622229997999966,0.5859153184574097,f
2021-09-02T13:42:02Z,k,0.6203797846101224,0.4026420898735523,j
2021-09-02T06:34:55Z,d,0.40501049463637173,0.6989691266790032,g
2021-09-01T23:10:42Z,u,0.6335712089203298,0.6515078374650329,w
2021-09-02T12:07:24Z,m,0.8009604387916625,0.9293273503426462,v
2021-09-02T04:52:49Z,y,0.4155745313037187,0.9635492004454136,i
2021-09-02T13:22:09Z,y,0.804587704828009,0.31665623583830893,y
2021-09-02T06:57:22Z,h,0.5020223481114954,0.4350263050291687,u
2021-09-02T07:48:37Z,l,0.9682152157183737,0.3599730688147247,p
2021-09-02T05:07:28Z,c,0.7162775669712573,0.3255520057864487,m
2021-09-02T10:32:44Z,w,0.2079565362073481,0.013015559408813715,x
2021-09-02T19:48:06Z,n,0.6466196333058178,0.6275124796666205,v
2021-09-02T00:17:21Z,n,0.858280565822497,0.9368442636914551,x
2021-09-02T10:34:22Z,z,0.6874017927329987,0.09745258511975408,b
2021-09-02T08:08:24Z,k,0.9991503471974283,0.41923502436839044,i
2021-09-02T00:19:29Z,d,0.29458680213429034,0.7545505536254495,r
2021-09-02T04:34:31Z,i,0.5630330555140972,0.8482973228674382,p
2021-09-02T16:42:08Z,y,0.28966162959113717,0.9728280291892588,r
2021-09-02T21:19:55Z,w,0.770177154801786,0.605007627280429,i
2021-09-02T00:20:36Z,b,0.7852408888284117,0.6591792362742126,n
2021-09-02T10:35:36Z,x,0.511478815227747,0.5287427268922329,q
2021-09-02T11:16:52Z,g,0.9004663089290261,0.9852538129780442,k
2021-09-02T09:48:06Z,u,0.6911055559758097,0.21214765822514892,b
2021-09-02T08:51:04Z,y,0.2805998087860644,0.9794905134476721,i
2021-09-02T07:58:54Z,r,0.6763759551104158,0.4855330490972847,l
2021-09-02T17:05:51Z,y,0.3636539683211595,0.21191899292171001,z
2021-09-02T05:49:05Z,s,0.055595844984054565,0.5338685614988208,z
2021-09-02T13:19:38Z,m,0.5506546476390213,0.8366373628377914,b
2021-09-02T19:32:45Z,u,0.8817540947347879,0.9912208851892501,o
2021-09-02T08:38:44Z,c,0.65588409290649,0.7020224719308317,n
2021-09-01T23:13:08Z,t,0.577325836289674,0.7555831968784332,y
2021-09-02T03:54:25Z,c,0.8606527328956872,0.4569127056747675,u
2021-09-02T05:15:20Z,a,0.46019391692243516,0.728377889841795,i
2021-09-02T16:22:27Z,q,0.7915397877804935,0.11764949699863791,s
2021-09-02T07:43:56Z,l,0.05195414135232568,0.44875190360471606,p
2021-09-02T21:50:31Z,t,0.3018681202083826,0.90736477333121,m
2021-09-02T02:03:18Z,k,0.1314584764186293,0.650872225407511,o
2021-09-02T16:57:10Z,x,0.31943380809389055,0.7804741798900068,a
2021-09-02T08:28:06Z,n,0.9883542729075998,0.4736010862980038,c
2021-09-02T22:10:20Z,s,0.8114880330394953,0.9151324902195483,s
2021-09-02T14:39:36Z,b,0.7812782856635749,0.7940972782671452,o
2021-09-02T15:46:02Z,e,0.38997896132059395,0.40210573747754097,m
2021-09-02T01:32:34Z,d,0.816833961987868,0.8559789874125272,z
2021-09-02T11:39:36Z,o,0.19551334204152226,0.6390685462392867,a
2021-09-02T03:33:19Z,j,0.6698898153845221,0.8531774792354554,x
2021-09-02T22:57:56Z,q,0.993524819612503,0.7416395691689104,c
2021-09-02T07:53:44Z,c,0.7740650388877839,0.3054074414540082,b
2021-09-02T14:12:37Z,g,0.4675316666252911,0.08256703591905534,t
2021-09-02T11:31:51Z,z,0.6478099063970149,0.5301018899772316,x
2021-09-02T11:35:38Z,m,0.024247157853096724,0.8039608199615031,l
2021-09-02T03:22:23Z,f,0.5190832642838359,0.1657391272019595,q
2021-09-02T01:50:20Z,r,0.4737273647915572,0.21233685803599656,g
2021-09-02T06:01:07Z,x,0.6659638353157789,0.9871580952312797,d
2021-09-02T06:25:54Z,m,0.8517335413489491,0.2501288251951337,a
2021-09-02T19:43:11Z,n,0.09288723254576325,0.8512071438599378,p
2021-09-02T14:25:13Z,a,0.0411522313952446,0.3249113657511771,z
2021-09-02T14:44:36Z,a,0.5110308779403567,0.6382996861357242,w
2021-09-02T01:10:45Z,k,0.03443573019467294,0.8806841468904167,s
2021-09-02T12:26:53Z,c,0.8965815713163465,0.17515895632095635,d
2021-09-02T03:52:16Z,k,0.6522035787347704,0.5706654624082148,i
2021-09-02T08:15:56Z,x,0.6133826556615531,0.47058151103556156,t
2021-09-02T20:40:31Z,b,0.13033823505975306,0.22944207163527608,s
2021-09-02T03:57:41Z,a,0.7319564642384648,0.543689678190276,c
2021-09-02T14:56:46Z,m,0.11102370079606771,0.4036081621889025,d
2021-09-02T09:13:01Z,p,0.8934398752171546,0.013012323761358857,x
2021-09-01T23:29:03Z,y,0.6518818703480065,0.06226044287905097,b
2021-09-02T06:48:57Z,w,0.6234259242191911,0.9583887234330177,k
2021-09-02T11:57:08Z,y,0.43311033910140395,0.7704966070596129,p
2021-09-02T01:34:23Z,h,0.02344738645479083,0.6353561789728701,w
2021-09-02T19:05:18Z,f,0.4675557080190629,0.7110459839459509,g
2021-09-02T04:59:17Z,x,0.3641485266853124,0.0034805305767804384,f
2021-09-02T06:47:18Z,v,0.007337082410231233,0.253411857644096,x
2021-09-02T05:23:53Z,a,0.6708429902791977,0.008088315138593316,e
2021-09-02T21:08:59Z,g,0.6265888714697212,0.8351211978588253,t
2021-09-01T23:44:06Z,y,0.019968768814578652,0.7030047266744077,z
2021-09-02T06:23:31Z,j,0.2609714032150805,0.11138466605916619,h
2021-09-02T03:30:44Z,b,0.05120034143328667,0.8287970158271492,y
